observation_date,underlying,expiry_date,option_type,strike_price,open_interest,change_in_open_interest,volume,implied_volatility,market_price,price_change,bid_quantity,bid_price,ask_price,ask_quantity,valuation_price,valuation_price_source,days_to_expiry,time_to_expiry,underlying_spot,moneyness,intrinsic_value
2026-08-27,NIFTY,2026-09-01,CE,22000.0,75.0,-5.0,36.0,43.01,2136.25,-218.75,325,2159.3,2224.45,780,2136.25,NSE_LTP,5,0.0136986301369863,24090.85,0.9132097871183458,2090.8499999999985
2026-08-27,NIFTY,2026-09-01,PE,22000.0,53844.0,-8468.0,64558.0,29.05,0.8,-0.05,70590,0.65,0.75,1755,0.8,NSE_LTP,5,0.0136986301369863,24090.85,0.9132097871183458,0.0
2026-08-27,NIFTY,2026-09-01,CE,22050.0,,,,,,,780,1974.8,2293.6,780,2134.2,BID_ASK_MID,5,0.0136986301369863,24090.85,0.9152852639072512,2040.8499999999985
2026-08-27,NIFTY,2026-09-01,PE,22050.0,844.0,358.0,2631.0,28.4,0.8,-0.05,9230,0.7,0.8,1560,0.8,NSE_LTP,5,0.0136986301369863,24090.85,0.9152852639072512,0.0
2026-08-27,NIFTY,2026-09-01,CE,22100.0,1.0,,,,2024.5,,780,1928.65,2241.3,780,2024.5,NSE_LTP,5,0.0136986301369863,24090.85,0.9173607406961565,1990.8499999999985
2026-08-27,NIFTY,2026-09-01,PE,22100.0,20487.0,50.0,25631.0,27.57,0.75,-0.15,4355,0.75,0.8,1755,0.75,NSE_LTP,5,0.0136986301369863,24090.85,0.9173607406961565,0.0
2026-08-27,NIFTY,2026-09-01,CE,22150.0,,,,,,,780,1882.55,2133.35,780,2007.9499999999998,BID_ASK_MID,5,0.0136986301369863,24090.85,0.9194362174850618,1940.8499999999985
2026-08-27,NIFTY,2026-09-01,PE,22150.0,1467.0,799.0,4528.0,27.11,0.8,-0.2,650,0.8,0.95,1170,0.8,NSE_LTP,5,0.0136986301369863,24090.85,0.9194362174850618,0.0
2026-08-27,NIFTY,2026-09-01,CE,22200.0,,,,,,,780,1804.15,2136.4,780,1970.275,BID_ASK_MID,5,0.0136986301369863,24090.85,0.9215116942739672,1890.8499999999985
2026-08-27,NIFTY,2026-09-01,PE,22200.0,9536.0,487.0,19912.0,26.63,0.85,-0.2,650,0.85,1.0,5850,0.85,NSE_LTP,5,0.0136986301369863,24090.85,0.9215116942739672,0.0
2026-08-27,NIFTY,2026-09-01,CE,22250.0,,,,,,,780,1814.55,2091.7,780,1953.125,BID_ASK_MID,5,0.0136986301369863,24090.85,0.9235871710628725,1840.8499999999985
2026-08-27,NIFTY,2026-09-01,PE,22250.0,701.0,285.0,3111.0,26.42,1.0,-0.05,130,0.9,1.05,1560,1.0,NSE_LTP,5,0.0136986301369863,24090.85,0.9235871710628725,0.0
2026-08-27,NIFTY,2026-09-01,CE,22300.0,,,,,,,780,1741.45,2044.7,780,1893.075,BID_ASK_MID,5,0.0136986301369863,24090.85,0.9256626478517778,1790.8499999999985
2026-08-27,NIFTY,2026-09-01,PE,22300.0,6425.0,2049.0,16278.0,25.48,0.9,-0.25,780,0.9,1.0,3575,0.9,NSE_LTP,5,0.0136986301369863,24090.85,0.9256626478517778,0.0
2026-08-27,NIFTY,2026-09-01,CE,22350.0,,,,,,,780,1690.95,1956.2,780,1823.575,BID_ASK_MID,5,0.0136986301369863,24090.85,0.9277381246406832,1740.8499999999985
2026-08-27,NIFTY,2026-09-01,PE,22350.0,661.0,201.0,2417.0,25.37,1.1,-0.05,195,1.0,1.15,2470,1.1,NSE_LTP,5,0.0136986301369863,24090.85,0.9277381246406832,0.0
2026-08-27,NIFTY,2026-09-01,CE,22400.0,,,,,,,780,1694.6,1943.9,780,1819.25,BID_ASK_MID,5,0.0136986301369863,24090.85,0.9298136014295885,1690.8499999999985
2026-08-27,NIFTY,2026-09-01,PE,22400.0,3915.0,643.0,17086.0,24.82,1.15,0.05,7215,0.95,1.15,780,1.15,NSE_LTP,5,0.0136986301369863,24090.85,0.9298136014295885,0.0
2026-08-27,NIFTY,2026-09-01,CE,22450.0,,,,,,,780,1668.7,1892.95,780,1780.825,BID_ASK_MID,5,0.0136986301369863,24090.85,0.9318890782184938,1640.8499999999985
2026-08-27,NIFTY,2026-09-01,PE,22450.0,1249.0,-280.0,11080.0,23.66,0.95,-0.25,1365,0.95,1.15,1560,0.95,NSE_LTP,5,0.0136986301369863,24090.85,0.9318890782184938,0.0
2026-08-27,NIFTY,2026-09-01,CE,22500.0,183.0,,,51.66,1875.4,,780,1607.75,1677.8,195,1875.4,NSE_LTP,5,0.0136986301369863,24090.85,0.9339645550073992,1590.8499999999985
2026-08-27,NIFTY,2026-09-01,PE,22500.0,92854.0,26912.0,155846.0,23.6,1.2,-0.2,3770,1.1,1.2,57720,1.2,NSE_LTP,5,0.0136986301369863,24090.85,0.9339645550073992,0.0
2026-08-27,NIFTY,2026-09-01,CE,22550.0,,,,,,,780,1527.75,1794.1,780,1660.925,BID_ASK_MID,5,0.0136986301369863,24090.85,0.9360400317963045,1540.8499999999985
2026-08-27,NIFTY,2026-09-01,PE,22550.0,1527.0,919.0,12835.0,22.82,1.15,-0.2,130,1.05,1.3,1300,1.15,NSE_LTP,5,0.0136986301369863,24090.85,0.9360400317963045,0.0
2026-08-27,NIFTY,2026-09-01,CE,22600.0,,,,,,,780,1463.75,1746.7,780,1605.225,BID_ASK_MID,5,0.0136986301369863,24090.85,0.9381155085852098,1490.8499999999985
2026-08-27,NIFTY,2026-09-01,PE,22600.0,5808.0,2372.0,29211.0,22.36,1.25,-0.1,2145,1.15,1.25,780,1.25,NSE_LTP,5,0.0136986301369863,24090.85,0.9381155085852098,0.0
2026-08-27,NIFTY,2026-09-01,CE,22650.0,,,,,,,780,1471.0,1693.6,780,1582.3,BID_ASK_MID,5,0.0136986301369863,24090.85,0.9401909853741152,1440.8499999999985
2026-08-27,NIFTY,2026-09-01,PE,22650.0,1355.0,483.0,10876.0,21.59,1.2,-0.2,195,1.2,1.3,975,1.2,NSE_LTP,5,0.0136986301369863,24090.85,0.9401909853741152,0.0
2026-08-27,NIFTY,2026-09-01,CE,22700.0,,,,,,,780,1418.35,1643.75,780,1531.05,BID_ASK_MID,5,0.0136986301369863,24090.85,0.9422664621630205,1390.8499999999985
2026-08-27,NIFTY,2026-09-01,PE,22700.0,9384.0,3097.0,30622.0,21.3,1.4,-0.05,4875,1.25,1.4,1755,1.4,NSE_LTP,5,0.0136986301369863,24090.85,0.9422664621630205,0.0
2026-08-27,NIFTY,2026-09-01,CE,22750.0,,,,,,,780,1372.9,1534.75,780,1453.825,BID_ASK_MID,5,0.0136986301369863,24090.85,0.9443419389519258,1340.8499999999985
2026-08-27,NIFTY,2026-09-01,PE,22750.0,1133.0,50.0,11358.0,20.43,1.3,-0.2,130,1.3,1.4,1300,1.3,NSE_LTP,5,0.0136986301369863,24090.85,0.9443419389519258,0.0
2026-08-27,NIFTY,2026-09-01,CE,22800.0,,,,,,,780,1323.15,1511.35,780,1417.25,BID_ASK_MID,5,0.0136986301369863,24090.85,0.9464174157408312,1290.8499999999985
2026-08-27,NIFTY,2026-09-01,PE,22800.0,19396.0,4448.0,74986.0,19.75,1.3,-0.25,1170,1.25,1.3,4290,1.3,NSE_LTP,5,0.0136986301369863,24090.85,0.9464174157408312,0.0
2026-08-27,NIFTY,2026-09-01,CE,22850.0,,,,,,,780,1278.6,1483.9,780,1381.25,BID_ASK_MID,5,0.0136986301369863,24090.85,0.9484928925297365,1240.8499999999985
2026-08-27,NIFTY,2026-09-01,PE,22850.0,2173.0,1500.0,11048.0,19.33,1.45,-0.2,130,1.35,1.5,910,1.45,NSE_LTP,5,0.0136986301369863,24090.85,0.9484928925297365,0.0
2026-08-27,NIFTY,2026-09-01,CE,22900.0,,,,,,,780,1197.25,1404.7,780,1300.975,BID_ASK_MID,5,0.0136986301369863,24090.85,0.9505683693186417,1190.8499999999985
2026-08-27,NIFTY,2026-09-01,PE,22900.0,14274.0,6108.0,50908.0,18.79,1.55,-0.15,130,1.4,1.55,1820,1.55,NSE_LTP,5,0.0136986301369863,24090.85,0.9505683693186417,0.0
2026-08-27,NIFTY,2026-09-01,CE,22950.0,,,,,,,780,1170.25,1384.45,780,1277.35,BID_ASK_MID,5,0.0136986301369863,24090.85,0.9526438461075472,1140.8499999999985
2026-08-27,NIFTY,2026-09-01,PE,22950.0,2081.0,1022.0,20080.0,18.03,1.5,-0.3,1040,1.45,1.65,4290,1.5,NSE_LTP,5,0.0136986301369863,24090.85,0.9526438461075472,0.0
2026-08-27,NIFTY,2026-09-01,CE,23000.0,733.0,25.0,350.0,34.26,1176.35,-147.65,65,1167.9,1178.55,130,1176.35,NSE_LTP,5,0.0136986301369863,24090.85,0.9547193228964524,1090.8499999999985
2026-08-27,NIFTY,2026-09-01,PE,23000.0,95416.0,25430.0,356835.0,17.54,1.65,-0.2,455,1.5,1.65,10660,1.65,NSE_LTP,5,0.0136986301369863,24090.85,0.9547193228964524,0.0
2026-08-27,NIFTY,2026-09-01,CE,23050.0,1.0,,,20.91,1182.0,,780,1076.2,1241.8,780,1182.0,NSE_LTP,5,0.0136986301369863,24090.85,0.9567947996853577,1040.8499999999985
2026-08-27,NIFTY,2026-09-01,PE,23050.0,5063.0,3493.0,36867.0,16.57,1.45,-0.4,1105,1.45,1.6,975,1.45,NSE_LTP,5,0.0136986301369863,24090.85,0.9567947996853577,0.0
2026-08-27,NIFTY,2026-09-01,CE,23100.0,6.0,2.0,2.0,38.42,1116.95,-25.0,65,1050.0,1109.3,780,1116.95,NSE_LTP,5,0.0136986301369863,24090.85,0.9588702764742632,990.8499999999985
2026-08-27,NIFTY,2026-09-01,PE,23100.0,12697.0,-9114.0,175963.0,16.08,1.6,-0.4,650,1.55,1.7,1755,1.6,NSE_LTP,5,0.0136986301369863,24090.85,0.9588702764742632,0.0
2026-08-27,NIFTY,2026-09-01,CE,23150.0,5.0,,,,1180.0,,780,977.55,1127.6,780,1180.0,NSE_LTP,5,0.0136986301369863,24090.85,0.9609457532631684,940.8499999999985
2026-08-27,NIFTY,2026-09-01,PE,23150.0,5483.0,2185.0,52226.0,15.37,1.6,-0.4,455,1.6,1.75,520,1.6,NSE_LTP,5,0.0136986301369863,24090.85,0.9609457532631684,0.0
2026-08-27,NIFTY,2026-09-01,CE,23200.0,94.0,-131.0,171.0,30.22,979.5,-191.75,130,971.85,981.75,65,979.5,NSE_LTP,5,0.0136986301369863,24090.85,0.9630212300520737,890.8499999999985
2026-08-27,NIFTY,2026-09-01,PE,23200.0,32918.0,7618.0,212398.0,14.84,1.75,-0.35,1300,1.5,1.75,585,1.75,NSE_LTP,5,0.0136986301369863,24090.85,0.9630212300520737,0.0
2026-08-27,NIFTY,2026-09-01,CE,23250.0,,,,,,,780,857.45,1060.05,780,958.75,BID_ASK_MID,5,0.0136986301369863,24090.85,0.9650967068409791,840.8499999999985
2026-08-27,NIFTY,2026-09-01,PE,23250.0,6142.0,2390.0,82208.0,14.29,1.9,-0.3,130,1.75,1.9,1040,1.9,NSE_LTP,5,0.0136986301369863,24090.85,0.9650967068409791,0.0
2026-08-27,NIFTY,2026-09-01,CE,23300.0,244.0,165.0,269.0,26.75,872.65,-185.6,65,871.1,880.9,65,872.65,NSE_LTP,5,0.0136986301369863,24090.85,0.9671721836298844,790.8499999999985
2026-08-27,NIFTY,2026-09-01,PE,23300.0,32092.0,97.0,219890.0,13.52,1.85,-0.45,195,1.85,2.0,585,1.85,NSE_LTP,5,0.0136986301369863,24090.85,0.9671721836298844,0.0
2026-08-27,NIFTY,2026-09-01,CE,23350.0,1.0,,,,960.1,,390,780.2,931.95,780,960.1,NSE_LTP,5,0.0136986301369863,24090.85,0.9692476604187897,740.8499999999985
2026-08-27,NIFTY,2026-09-01,PE,23350.0,23603.0,11622.0,137363.0,13.16,2.25,-0.15,910,2.05,2.2,975,2.25,NSE_LTP,5,0.0136986301369863,24090.85,0.9692476604187897,0.0
2026-08-27,NIFTY,2026-09-01,CE,23400.0,228.0,7.0,118.0,25.1,777.0,-182.3,65,771.85,780.4,65,777.0,NSE_LTP,5,0.0136986301369863,24090.85,0.9713231372076951,690.8499999999985
2026-08-27,NIFTY,2026-09-01,PE,23400.0,39327.0,9236.0,234961.0,12.8,2.75,0.1,520,2.5,2.65,1885,2.75,NSE_LTP,5,0.0136986301369863,24090.85,0.9713231372076951,0.0
2026-08-27,NIFTY,2026-09-01,CE,23450.0,30.0,,12.0,33.95,804.8,-104.2,390,674.15,735.55,130,804.8,NSE_LTP,5,0.0136986301369863,24090.85,0.9733986139966004,640.8499999999985
2026-08-27,NIFTY,2026-09-01,PE,23450.0,19046.0,8540.0,130624.0,12.13,2.9,0.15,130,2.8,3.0,2665,2.9,NSE_LTP,5,0.0136986301369863,24090.85,0.9733986139966004,0.0
2026-08-27,NIFTY,2026-09-01,CE,23500.0,2115.0,-56.0,2574.0,22.7,677.05,-162.0,65,676.1,680.1,65,677.05,NSE_LTP,5,0.0136986301369863,24090.85,0.9754740907855057,590.8499999999985
2026-08-27,NIFTY,2026-09-01,PE,23500.0,107092.0,24339.0,467606.0,11.6,3.3,0.25,390,3.3,3.5,105105,3.3,NSE_LTP,5,0.0136986301369863,24090.85,0.9754740907855057,0.0
2026-08-27,NIFTY,2026-09-01,CE,23550.0,265.0,11.0,89.0,20.88,622.9,-194.65,65,620.4,634.75,130,622.9,NSE_LTP,5,0.0136986301369863,24090.85,0.9775495675744111,540.8499999999985
2026-08-27,NIFTY,2026-09-01,PE,23550.0,9734.0,1799.0,167129.0,11.15,3.95,0.75,1365,3.5,3.95,910,3.95,NSE_LTP,5,0.0136986301369863,24090.85,0.9775495675744111,0.0
2026-08-27,NIFTY,2026-09-01,CE,23600.0,696.0,28.0,850.0,20.63,579.95,-172.25,65,576.1,581.7,65,579.95,NSE_LTP,5,0.0136986301369863,24090.85,0.9796250443633164,490.84999999999854
2026-08-27,NIFTY,2026-09-01,PE,23600.0,51360.0,7015.0,368967.0,10.75,4.9,1.4,65,4.3,4.9,1755,4.9,NSE_LTP,5,0.0136986301369863,24090.85,0.9796250443633164,0.0
2026-08-27,NIFTY,2026-09-01,CE,23650.0,306.0,-104.0,433.0,24.56,572.85,-137.9,65,526.65,535.35,65,572.85,NSE_LTP,5,0.0136986301369863,24090.85,0.9817005211522217,440.84999999999854
2026-08-27,NIFTY,2026-09-01,PE,23650.0,22085.0,6758.0,261161.0,10.12,5.5,1.55,910,5.45,6.05,910,5.5,NSE_LTP,5,0.0136986301369863,24090.85,0.9817005211522217,0.0
2026-08-27,NIFTY,2026-09-01,CE,23700.0,2784.0,-23.0,3575.0,18.05,479.85,-162.9,195,479.95,484.3,65,479.85,NSE_LTP,5,0.0136986301369863,24090.85,0.9837759979411271,390.84999999999854
2026-08-27,NIFTY,2026-09-01,PE,23700.0,78604.0,12250.0,569620.0,9.91,7.6,2.9,390,7.45,7.65,975,7.6,NSE_LTP,5,0.0136986301369863,24090.85,0.9837759979411271,0.0
2026-08-27,NIFTY,2026-09-01,CE,23750.0,550.0,-152.0,2484.0,17.33,434.8,-170.5,65,430.25,441.15,65,434.8,NSE_LTP,5,0.0136986301369863,24090.85,0.9858514747300324,340.84999999999854
2026-08-27,NIFTY,2026-09-01,PE,23750.0,31029.0,12982.0,372758.0,9.5,9.65,4.3,1755,9.4,9.65,845,9.65,NSE_LTP,5,0.0136986301369863,24090.85,0.9858514747300324,0.0
2026-08-27,NIFTY,2026-09-01,CE,23800.0,2910.0,383.0,16512.0,16.23,387.1,-173.85,65,384.75,390.0,520,387.1,NSE_LTP,5,0.0136986301369863,24090.85,0.9879269515189377,290.84999999999854
2026-08-27,NIFTY,2026-09-01,PE,23800.0,97609.0,27506.0,706345.0,9.09,12.35,5.85,130,12.35,12.5,780,12.35,NSE_LTP,5,0.0136986301369863,24090.85,0.9879269515189377,0.0
2026-08-27,NIFTY,2026-09-01,CE,23850.0,979.0,130.0,5058.0,15.29,341.4,-162.0,65,338.35,344.9,195,341.4,NSE_LTP,5,0.0136986301369863,24090.85,0.9900024283078431,240.84999999999854
2026-08-27,NIFTY,2026-09-01,PE,23850.0,28784.0,10541.0,464875.0,8.83,16.8,8.7,520,16.2,16.7,130,16.8,NSE_LTP,5,0.0136986301369863,24090.85,0.9900024283078431,0.0
2026-08-27,NIFTY,2026-09-01,CE,23900.0,3600.0,289.0,31658.0,14.49,297.9,-148.65,65,296.9,298.9,65,297.9,NSE_LTP,5,0.0136986301369863,24090.85,0.9920779050967484,190.84999999999854
2026-08-27,NIFTY,2026-09-01,PE,23900.0,67983.0,-2853.0,887093.0,8.49,22.3,12.2,5395,22.3,22.55,520,22.3,NSE_LTP,5,0.0136986301369863,24090.85,0.9920779050967484,0.0
2026-08-27,NIFTY,2026-09-01,CE,23950.0,2175.0,1254.0,23599.0,13.68,255.5,-149.35,130,254.6,256.35,130,255.5,NSE_LTP,5,0.0136986301369863,24090.85,0.9941533818856537,140.84999999999854
2026-08-27,NIFTY,2026-09-01,PE,23950.0,31818.0,7379.0,673237.0,8.19,29.95,16.75,130,29.65,30.0,65,29.95,NSE_LTP,5,0.0136986301369863,24090.85,0.9941533818856537,0.0
2026-08-27,NIFTY,2026-09-01,CE,24000.0,26057.0,11405.0,269691.0,12.83,214.15,-143.25,130,214.35,215.65,130,214.15,NSE_LTP,5,0.0136986301369863,24090.85,0.9962288586745591,90.84999999999854
2026-08-27,NIFTY,2026-09-01,PE,24000.0,109318.0,22627.0,1698841.0,7.89,40.1,22.55,650,39.95,40.3,455,40.1,NSE_LTP,5,0.0136986301369863,24090.85,0.9962288586745591,0.0
2026-08-27,NIFTY,2026-09-01,CE,24050.0,10423.0,6982.0,150343.0,12.4,179.2,-137.65,195,178.1,179.5,65,179.2,NSE_LTP,5,0.0136986301369863,24090.85,0.9983043354634644,40.849999999998545
2026-08-27,NIFTY,2026-09-01,PE,24050.0,36946.0,14130.0,918664.0,7.5,52.45,29.55,195,53.0,53.4,195,52.45,NSE_LTP,5,0.0136986301369863,24090.85,0.9983043354634644,0.0
2026-08-27,NIFTY,2026-09-01,CE,24100.0,46485.0,27467.0,796473.0,11.83,145.25,-129.1,65,145.05,145.65,195,145.25,NSE_LTP,5,0.0136986301369863,24090.85,1.0003798122523697,0.0
2026-08-27,NIFTY,2026-09-01,PE,24100.0,84183.0,21235.0,2057128.0,7.19,69.45,38.4,715,69.5,70.0,715,69.45,NSE_LTP,5,0.0136986301369863,24090.85,1.0003798122523697,9.150000000001455
2026-08-27,NIFTY,2026-09-01,CE,24150.0,60237.0,48694.0,1207168.0,11.37,115.3,-120.6,455,115.0,115.3,65,115.3,NSE_LTP,5,0.0136986301369863,24090.85,1.002455289041275,0.0
2026-08-27,NIFTY,2026-09-01,PE,24150.0,54250.0,18472.0,2380385.0,6.66,88.7,48.2,195,88.7,89.9,195,88.7,NSE_LTP,5,0.0136986301369863,24090.85,1.002455289041275,59.150000000001455
2026-08-27,NIFTY,2026-09-01,CE,24200.0,153688.0,97521.0,2385908.0,10.98,89.4,-108.3,195,89.4,89.8,260,89.4,NSE_LTP,5,0.0136986301369863,24090.85,1.0045307658301803,0.0
2026-08-27,NIFTY,2026-09-01,PE,24200.0,101178.0,5825.0,3431628.0,6.23,114.65,61.7,195,114.1,114.7,845,114.65,NSE_LTP,5,0.0136986301369863,24090.85,1.0045307658301803,109.15000000000146
2026-08-27,NIFTY,2026-09-01,CE,24250.0,89012.0,55125.0,1389597.0,10.78,68.85,-95.45,260,68.4,68.7,195,68.85,NSE_LTP,5,0.0136986301369863,24090.85,1.0066062426190858,0.0
2026-08-27,NIFTY,2026-09-01,PE,24250.0,40530.0,-2732.0,1550580.0,5.35,143.1,75.25,195,142.8,144.3,455,143.1,NSE_LTP,5,0.0136986301369863,24090.85,1.0066062426190858,159.15000000000146
2026-08-27,NIFTY,2026-09-01,CE,24300.0,203330.0,67241.0,2217212.0,10.57,51.45,-82.2,65,51.15,51.4,520,51.45,NSE_LTP,5,0.0136986301369863,24090.85,1.0086817194079911,0.0
2026-08-27,NIFTY,2026-09-01,PE,24300.0,76040.0,-13142.0,1783737.0,,175.35,89.5,195,175.6,176.6,195,175.35,NSE_LTP,5,0.0136986301369863,24090.85,1.0086817194079911,209.15000000000146
2026-08-27,NIFTY,2026-09-01,CE,24350.0,123315.0,35593.0,1013530.0,10.41,37.6,-69.5,65,37.6,37.95,650,37.6,NSE_LTP,5,0.0136986301369863,24090.85,1.0107571961968964,0.0
2026-08-27,NIFTY,2026-09-01,PE,24350.0,25540.0,-14218.0,495662.0,,212.2,103.5,65,211.85,213.5,130,212.2,NSE_LTP,5,0.0136986301369863,24090.85,1.0107571961968964,259.15000000000146
2026-08-27,NIFTY,2026-09-01,CE,24400.0,188213.0,54409.0,1402679.0,10.33,27.25,-55.85,65,27.15,27.35,130,27.25,NSE_LTP,5,0.0136986301369863,24090.85,1.0128326729858017,0.0
2026-08-27,NIFTY,2026-09-01,PE,24400.0,34803.0,-8665.0,503398.0,,251.0,115.8,130,251.05,254.15,130,251.0,NSE_LTP,5,0.0136986301369863,24090.85,1.0128326729858017,309.15000000000146
2026-08-27,NIFTY,2026-09-01,CE,24450.0,81101.0,14948.0,644519.0,10.32,19.65,-43.95,780,19.75,20.05,130,19.65,NSE_LTP,5,0.0136986301369863,24090.85,1.014908149774707,0.0
2026-08-27,NIFTY,2026-09-01,PE,24450.0,8958.0,-3994.0,111326.0,,296.4,135.2,520,293.0,296.55,130,296.4,NSE_LTP,5,0.0136986301369863,24090.85,1.014908149774707,359.15000000000146
2026-08-27,NIFTY,2026-09-01,CE,24500.0,192893.0,33017.0,1311554.0,10.47,14.65,-32.4,12675,14.65,14.75,520,14.65,NSE_LTP,5,0.0136986301369863,24090.85,1.0169836265636123,0.0
2026-08-27,NIFTY,2026-09-01,PE,24500.0,31603.0,-1712.0,180228.0,,339.95,140.35,195,336.3,340.95,65,339.95,NSE_LTP,5,0.0136986301369863,24090.85,1.0169836265636123,409.15000000000146
2026-08-27,NIFTY,2026-09-01,CE,24550.0,64300.0,24999.0,490735.0,10.57,10.65,-24.3,520,10.45,10.65,65,10.65,NSE_LTP,5,0.0136986301369863,24090.85,1.0190591033525178,0.0
2026-08-27,NIFTY,2026-09-01,PE,24550.0,2977.0,-728.0,21007.0,,385.1,147.45,325,384.35,387.8,130,385.1,NSE_LTP,5,0.0136986301369863,24090.85,1.0190591033525178,459.15000000000146
2026-08-27,NIFTY,2026-09-01,CE,24600.0,123288.0,30316.0,800694.0,10.81,8.15,-17.3,1235,7.75,7.95,780,8.15,NSE_LTP,5,0.0136986301369863,24090.85,1.021134580141423,0.0
2026-08-27,NIFTY,2026-09-01,PE,24600.0,8655.0,-640.0,34322.0,,430.15,148.85,130,429.5,435.5,260,430.15,NSE_LTP,5,0.0136986301369863,24090.85,1.021134580141423,509.15000000000146
2026-08-27,NIFTY,2026-09-01,CE,24650.0,43815.0,6876.0,331144.0,11.02,6.15,-12.1,975,6.15,6.35,130,6.15,NSE_LTP,5,0.0136986301369863,24090.85,1.0232100569303284,0.0
2026-08-27,NIFTY,2026-09-01,PE,24650.0,2033.0,-346.0,6931.0,,483.1,151.15,65,478.2,483.7,65,483.1,NSE_LTP,5,0.0136986301369863,24090.85,1.0232100569303284,559.1500000000015
2026-08-27,NIFTY,2026-09-01,CE,24700.0,100617.0,17529.0,535613.0,11.39,5.0,-8.45,65,4.7,5.0,4875,5.0,NSE_LTP,5,0.0136986301369863,24090.85,1.0252855337192337,0.0
2026-08-27,NIFTY,2026-09-01,PE,24700.0,4130.0,-489.0,10444.0,,530.05,153.6,325,529.25,532.05,65,530.05,NSE_LTP,5,0.0136986301369863,24090.85,1.0252855337192337,609.1500000000015
2026-08-27,NIFTY,2026-09-01,CE,24750.0,45355.0,-9288.0,294315.0,11.68,3.95,-6.0,30615,3.95,4.1,44915,3.95,NSE_LTP,5,0.0136986301369863,24090.85,1.027361010508139,0.0
2026-08-27,NIFTY,2026-09-01,PE,24750.0,1237.0,16.0,1485.0,,579.15,159.0,325,578.05,583.6,130,579.15,NSE_LTP,5,0.0136986301369863,24090.85,1.027361010508139,659.1500000000015
2026-08-27,NIFTY,2026-09-01,CE,24800.0,112853.0,-824.0,536554.0,12.14,3.4,-4.1,65,3.2,3.4,455,3.4,NSE_LTP,5,0.0136986301369863,24090.85,1.0294364872970443,0.0
2026-08-27,NIFTY,2026-09-01,PE,24800.0,2146.0,-199.0,2833.0,,627.7,168.45,1885,625.05,631.45,65,627.7,NSE_LTP,5,0.0136986301369863,24090.85,1.0294364872970443,709.1500000000015
2026-08-27,NIFTY,2026-09-01,CE,24850.0,36501.0,8354.0,238179.0,12.48,2.8,-3.2,130,2.85,3.0,12155,2.8,NSE_LTP,5,0.0136986301369863,24090.85,1.0315119640859498,0.0
2026-08-27,NIFTY,2026-09-01,PE,24850.0,550.0,81.0,460.0,,683.1,174.35,325,675.5,681.8,65,683.1,NSE_LTP,5,0.0136986301369863,24090.85,1.0315119640859498,759.1500000000015
2026-08-27,NIFTY,2026-09-01,CE,24900.0,88522.0,32914.0,469225.0,13.01,2.55,-2.3,975,2.55,2.65,1690,2.55,NSE_LTP,5,0.0136986301369863,24090.85,1.033587440874855,0.0
2026-08-27,NIFTY,2026-09-01,PE,24900.0,789.0,73.0,517.0,,728.9,173.8,325,724.9,731.3,65,728.9,NSE_LTP,5,0.0136986301369863,24090.85,1.033587440874855,809.1500000000015
2026-08-27,NIFTY,2026-09-01,CE,24950.0,34472.0,16033.0,259490.0,13.54,2.35,-1.65,2275,2.2,2.35,1625,2.35,NSE_LTP,5,0.0136986301369863,24090.85,1.0356629176637604,0.0
2026-08-27,NIFTY,2026-09-01,PE,24950.0,333.0,23.0,259.0,,782.45,182.95,325,774.2,783.05,65,782.45,NSE_LTP,5,0.0136986301369863,24090.85,1.0356629176637604,859.1500000000015
2026-08-27,NIFTY,2026-09-01,CE,25000.0,174325.0,37373.0,853574.0,14.05,2.15,-1.4,65,2.15,2.2,18460,2.15,NSE_LTP,5,0.0136986301369863,24090.85,1.0377383944526657,0.0
2026-08-27,NIFTY,2026-09-01,PE,25000.0,5563.0,342.0,2422.0,,826.0,183.15,260,825.0,827.5,130,826.0,NSE_LTP,5,0.0136986301369863,24090.85,1.0377383944526657,909.1500000000015
2026-08-27,NIFTY,2026-09-01,CE,25050.0,33304.0,11015.0,319807.0,14.42,1.85,-1.15,1885,1.8,1.9,3380,1.85,NSE_LTP,5,0.0136986301369863,24090.85,1.039813871241571,0.0
2026-08-27,NIFTY,2026-09-01,PE,25050.0,126.0,49.0,63.0,,857.0,143.6,780,860.1,919.1,780,857.0,NSE_LTP,5,0.0136986301369863,24090.85,1.039813871241571,959.1500000000015
2026-08-27,NIFTY,2026-09-01,CE,25100.0,84732.0,17660.0,640283.0,14.85,1.65,-1.0,260,1.65,1.85,910,1.65,NSE_LTP,5,0.0136986301369863,24090.85,1.0418893480304763,0.0
2026-08-27,NIFTY,2026-09-01,PE,25100.0,736.0,-3.0,219.0,,919.85,149.0,65,923.4,930.65,65,919.85,NSE_LTP,5,0.0136986301369863,24090.85,1.0418893480304763,1009.1500000000015
2026-08-27,NIFTY,2026-09-01,CE,25150.0,21068.0,7707.0,313571.0,15.44,1.6,-0.65,715,1.5,1.65,390,1.6,NSE_LTP,5,0.0136986301369863,24090.85,1.0439648248193818,0.0
2026-08-27,NIFTY,2026-09-01,PE,25150.0,74.0,25.0,45.0,,953.6,147.2,780,957.95,1020.55,780,953.6,NSE_LTP,5,0.0136986301369863,24090.85,1.0439648248193818,1059.1500000000015
2026-08-27,NIFTY,2026-09-01,CE,25200.0,84360.0,37708.0,617472.0,15.81,1.4,-0.6,1170,1.4,1.5,1235,1.4,NSE_LTP,5,0.0136986301369863,24090.85,1.046040301608287,0.0
2026-08-27,NIFTY,2026-09-01,PE,25200.0,617.0,6.0,114.0,,1016.4,149.25,65,1023.2,1030.3,65,1016.4,NSE_LTP,5,0.0136986301369863,24090.85,1.046040301608287,1109.1500000000015
2026-08-27,NIFTY,2026-09-01,CE,25250.0,17608.0,3292.0,224927.0,16.36,1.35,-0.4,325,1.3,1.35,650,1.35,NSE_LTP,5,0.0136986301369863,24090.85,1.0481157783971924,0.0
2026-08-27,NIFTY,2026-09-01,PE,25250.0,22.0,4.0,21.0,,989.5,167.2,650,1046.95,1121.1,780,989.5,NSE_LTP,5,0.0136986301369863,24090.85,1.0481157783971924,1159.1500000000015
2026-08-27,NIFTY,2026-09-01,CE,25300.0,75694.0,39513.0,483504.0,17.05,1.4,-0.2,2145,1.35,1.4,1300,1.4,NSE_LTP,5,0.0136986301369863,24090.85,1.0501912551860977,0.0
2026-08-27,NIFTY,2026-09-01,PE,25300.0,316.0,22.0,370.0,,1124.5,183.25,65,1123.1,1131.2,65,1124.5,NSE_LTP,5,0.0136986301369863,24090.85,1.0501912551860977,1209.1500000000015
2026-08-27,NIFTY,2026-09-01,CE,25350.0,13357.0,2582.0,73324.0,17.59,1.35,-0.05,650,1.2,1.35,2080,1.35,NSE_LTP,5,0.0136986301369863,24090.85,1.052266731975003,0.0
2026-08-27,NIFTY,2026-09-01,PE,25350.0,45.0,7.0,43.0,,1084.5,87.5,780,1145.5,1223.35,390,1084.5,NSE_LTP,5,0.0136986301369863,24090.85,1.052266731975003,1259.1500000000015
2026-08-27,NIFTY,2026-09-01,CE,25400.0,47522.0,17469.0,237862.0,17.86,1.15,-0.1,585,1.15,1.2,25935,1.15,NSE_LTP,5,0.0136986301369863,24090.85,1.0543422087639083,0.0
2026-08-27,NIFTY,2026-09-01,PE,25400.0,560.0,-12.0,129.0,,1224.7,181.95,65,1217.45,1230.85,65,1224.7,NSE_LTP,5,0.0136986301369863,24090.85,1.0543422087639083,1309.1500000000015
2026-08-27,NIFTY,2026-09-01,CE,25450.0,9991.0,3329.0,36489.0,18.46,1.15,,2210,1.0,1.15,1430,1.15,NSE_LTP,5,0.0136986301369863,24090.85,1.0564176855528138,0.0
2026-08-27,NIFTY,2026-09-01,PE,25450.0,12.0,,,19.78,1130.0,,65,1200.2,1325.55,780,1130.0,NSE_LTP,5,0.0136986301369863,24090.85,1.0564176855528138,1359.1500000000015
2026-08-27,NIFTY,2026-09-01,CE,25500.0,183792.0,84985.0,495866.0,18.96,1.1,-0.05,70330,1.05,1.1,59345,1.1,NSE_LTP,5,0.0136986301369863,24090.85,1.058493162341719,0.0
2026-08-27,NIFTY,2026-09-01,PE,25500.0,4945.0,64.0,515.0,,1323.0,159.3,65,1319.2,1323.5,1300,1323.0,NSE_LTP,5,0.0136986301369863,24090.85,1.058493162341719,1409.1500000000015
2026-08-27,NIFTY,2026-09-01,CE,25550.0,11117.0,1505.0,36062.0,19.11,0.9,-0.1,65,0.9,1.05,7800,0.9,NSE_LTP,5,0.0136986301369863,24090.85,1.0605686391306244,0.0
2026-08-27,NIFTY,2026-09-01,PE,25550.0,9.0,,,42.15,1310.0,,780,1266.15,1428.95,780,1310.0,NSE_LTP,5,0.0136986301369863,24090.85,1.0605686391306244,1459.1500000000015
2026-08-27,NIFTY,2026-09-01,CE,25600.0,48858.0,15843.0,158904.0,19.44,0.8,-0.1,54990,0.8,0.9,2600,0.8,NSE_LTP,5,0.0136986301369863,24090.85,1.0626441159195297,0.0
2026-08-27,NIFTY,2026-09-01,PE,25600.0,17.0,,,,1363.55,,780,1280.1,1507.1,780,1363.55,NSE_LTP,5,0.0136986301369863,24090.85,1.0626441159195297,1509.1500000000015
2026-08-27,NIFTY,2026-09-01,CE,25650.0,6312.0,1031.0,24012.0,20.14,0.85,,1560,0.8,0.85,2795,0.85,NSE_LTP,5,0.0136986301369863,24090.85,1.064719592708435,0.0
2026-08-27,NIFTY,2026-09-01,PE,25650.0,16.0,,,,1315.0,,780,1368.3,1521.1,780,1315.0,NSE_LTP,5,0.0136986301369863,24090.85,1.064719592708435,1559.1500000000015
2026-08-27,NIFTY,2026-09-01,CE,25700.0,38840.0,7498.0,137423.0,20.57,0.8,0.05,9165,0.75,0.8,1690,0.8,NSE_LTP,5,0.0136986301369863,24090.85,1.0667950694973403,0.0
2026-08-27,NIFTY,2026-09-01,PE,25700.0,2.0,,,,1213.95,,780,1413.15,1576.7,780,1213.95,NSE_LTP,5,0.0136986301369863,24090.85,1.0667950694973403,1609.1500000000015
2026-08-27,NIFTY,2026-09-01,CE,25750.0,6898.0,1391.0,23188.0,20.84,0.7,-0.05,14430,0.7,0.8,845,0.7,NSE_LTP,5,0.0136986301369863,24090.85,1.0688705462862458,0.0
2026-08-27,NIFTY,2026-09-01,PE,25750.0,,,,,,,780,1347.9,1623.0,780,1485.45,BID_ASK_MID,5,0.0136986301369863,24090.85,1.0688705462862458,1659.1500000000015
2026-08-27,NIFTY,2026-09-01,CE,25800.0,27457.0,32.0,68861.0,21.4,0.7,-0.05,109915,0.65,0.7,54405,0.7,NSE_LTP,5,0.0136986301369863,24090.85,1.070946023075151,0.0
2026-08-27,NIFTY,2026-09-01,PE,25800.0,10.0,,,43.63,1530.0,,780,1397.65,1691.45,780,1530.0,NSE_LTP,5,0.0136986301369863,24090.85,1.070946023075151,1709.1500000000015
2026-08-27,NIFTY,2026-09-01,CE,25850.0,3483.0,427.0,11248.0,21.78,0.65,-0.05,25740,0.65,0.8,5850,0.65,NSE_LTP,5,0.0136986301369863,24090.85,1.0730214998640564,0.0
2026-08-27,NIFTY,2026-09-01,PE,25850.0,,,,,,,780,1444.3,1728.2,780,1586.25,BID_ASK_MID,5,0.0136986301369863,24090.85,1.0730214998640564,1759.1500000000015
2026-08-27,NIFTY,2026-09-01,CE,25900.0,16085.0,4689.0,52054.0,22.15,0.6,-0.1,118950,0.6,0.65,9945,0.6,NSE_LTP,5,0.0136986301369863,24090.85,1.0750969766529617,0.0
2026-08-27,NIFTY,2026-09-01,PE,25900.0,4.0,,,,1500.0,,780,1491.2,1772.05,780,1500.0,NSE_LTP,5,0.0136986301369863,24090.85,1.0750969766529617,1809.1500000000015
2026-08-27,NIFTY,2026-09-01,CE,25950.0,2362.0,431.0,9146.0,22.69,0.6,-0.1,16445,0.6,0.75,650,0.6,NSE_LTP,5,0.0136986301369863,24090.85,1.077172453441867,0.0
2026-08-27,NIFTY,2026-09-01,PE,25950.0,,,,,,,780,1666.2,1824.35,780,1745.275,BID_ASK_MID,5,0.0136986301369863,24090.85,1.077172453441867,1859.1500000000015
2026-08-27,NIFTY,2026-09-01,CE,26000.0,61805.0,-1704.0,141301.0,23.58,0.7,,46150,0.65,0.7,1560,0.7,NSE_LTP,5,0.0136986301369863,24090.85,1.0792479302307723,0.0
2026-08-27,NIFTY,2026-09-01,PE,26000.0,2514.0,5.0,24.0,,1807.75,151.7,1820,1789.65,1828.35,195,1807.75,NSE_LTP,5,0.0136986301369863,24090.85,1.0792479302307723,1909.1500000000015
2026-08-27,NIFTY,2026-09-01,CE,26050.0,851.0,253.0,3123.0,24.29,0.75,0.05,195,0.65,0.75,1690,0.75,NSE_LTP,5,0.0136986301369863,24090.85,1.0813234070196776,0.0
2026-08-27,NIFTY,2026-09-01,PE,26050.0,1.0,,,51.11,1800.0,,780,1748.45,1925.0,780,1800.0,NSE_LTP,5,0.0136986301369863,24090.85,1.0813234070196776,1959.1500000000015
2026-08-27,NIFTY,2026-09-01,CE,26100.0,2527.0,565.0,7303.0,24.66,0.7,,7020,0.6,0.7,1235,0.7,NSE_LTP,5,0.0136986301369863,24090.85,1.083398883808583,0.0
2026-08-27,NIFTY,2026-09-01,PE,26100.0,2.0,,,54.62,1870.0,,780,1789.85,1990.35,780,1870.0,NSE_LTP,5,0.0136986301369863,24090.85,1.083398883808583,2009.1500000000015
2026-08-27,NIFTY,2026-09-01,CE,26150.0,838.0,379.0,2520.0,25.01,0.65,-0.05,2080,0.6,0.75,650,0.65,NSE_LTP,5,0.0136986301369863,24090.85,1.0854743605974884,0.0
2026-08-27,NIFTY,2026-09-01,PE,26150.0,,,,,,,780,1725.2,2031.05,780,1878.125,BID_ASK_MID,5,0.0136986301369863,24090.85,1.0854743605974884,2059.1500000000015
2026-08-27,NIFTY,2026-09-01,CE,26200.0,2463.0,-29.0,7891.0,25.73,0.7,0.05,6955,0.6,0.7,2015,0.7,NSE_LTP,5,0.0136986301369863,24090.85,1.0875498373863937,0.0
2026-08-27,NIFTY,2026-09-01,PE,26200.0,1.0,,,,1950.0,,780,1771.8,2081.4,780,1950.0,NSE_LTP,5,0.0136986301369863,24090.85,1.0875498373863937,2109.1500000000015
2026-08-27,NIFTY,2026-09-01,CE,26250.0,522.0,-56.0,1144.0,26.45,0.75,0.1,16965,0.55,0.7,8775,0.75,NSE_LTP,5,0.0136986301369863,24090.85,1.089625314175299,0.0
2026-08-27,NIFTY,2026-09-01,PE,26250.0,,,,,,,780,1818.4,2148.0,780,1983.2,BID_ASK_MID,5,0.0136986301369863,24090.85,1.089625314175299,2159.1500000000015
2026-08-27,NIFTY,2026-09-01,CE,26300.0,2429.0,-223.0,16768.0,26.18,0.55,-0.15,12935,0.55,0.7,37505,0.55,NSE_LTP,5,0.0136986301369863,24090.85,1.0917007909642042,0.0
2026-08-27,NIFTY,2026-09-01,PE,26300.0,34.0,,,,1841.35,,780,1865.7,2180.5,780,1841.35,NSE_LTP,5,0.0136986301369863,24090.85,1.0917007909642042,2209.1500000000015
2026-08-27,NIFTY,2026-09-01,CE,26350.0,289.0,155.0,894.0,26.92,0.6,-0.05,18460,0.55,0.7,2275,0.6,NSE_LTP,5,0.0136986301369863,24090.85,1.0937762677531095,0.0
2026-08-27,NIFTY,2026-09-01,PE,26350.0,,,,,,,780,1912.45,2248.6,780,2080.525,BID_ASK_MID,5,0.0136986301369863,24090.85,1.0937762677531095,2259.1500000000015
2026-08-27,NIFTY,2026-09-01,CE,26400.0,2368.0,1170.0,8384.0,27.21,0.55,-0.1,30810,0.5,0.55,3575,0.55,NSE_LTP,5,0.0136986301369863,24090.85,1.095851744542015,0.0
2026-08-27,NIFTY,2026-09-01,PE,26400.0,,,,,,,780,1938.25,2417.9,780,2178.075,BID_ASK_MID,5,0.0136986301369863,24090.85,1.095851744542015,2309.1500000000015
2026-08-27,NIFTY,2026-09-01,CE,26450.0,625.0,306.0,1893.0,27.73,0.55,-0.1,5265,0.55,0.6,130,0.55,NSE_LTP,5,0.0136986301369863,24090.85,1.0979272213309204,0.0
2026-08-27,NIFTY,2026-09-01,PE,26450.0,,,,,,,780,2006.05,2327.25,780,2166.65,BID_ASK_MID,5,0.0136986301369863,24090.85,1.0979272213309204,2359.1500000000015
2026-08-27,NIFTY,2026-09-01,CE,26500.0,3096.0,951.0,10299.0,28.47,0.6,-0.05,3705,0.55,0.6,13130,0.6,NSE_LTP,5,0.0136986301369863,24090.85,1.1000026981198257,0.0
2026-08-27,NIFTY,2026-09-01,PE,26500.0,5.0,,1.0,,2223.0,70.0,780,2284.2,2368.95,390,2223.0,NSE_LTP,5,0.0136986301369863,24090.85,1.1000026981198257,2409.1500000000015
2026-08-27,NIFTY,2026-09-01,CE,26550.0,362.0,274.0,1597.0,28.98,0.6,,27235,0.5,0.55,65,0.6,NSE_LTP,5,0.0136986301369863,24090.85,1.102078174908731,0.0
2026-08-27,NIFTY,2026-09-01,PE,26550.0,,,,,,,780,2099.65,2531.75,780,2315.7,BID_ASK_MID,5,0.0136986301369863,24090.85,1.102078174908731,2459.1500000000015
2026-08-27,NIFTY,2026-09-01,CE,26600.0,695.0,-31.0,1645.0,29.5,0.6,-0.05,24830,0.5,0.6,520,0.6,NSE_LTP,5,0.0136986301369863,24090.85,1.1041536516976362,0.0
2026-08-27,NIFTY,2026-09-01,PE,26600.0,,,,,,,780,2146.15,2498.05,780,2322.1000000000004,BID_ASK_MID,5,0.0136986301369863,24090.85,1.1041536516976362,2509.1500000000015
2026-08-27,NIFTY,2026-09-01,CE,26650.0,246.0,142.0,1292.0,29.5,0.5,-0.15,9360,0.5,0.55,130,0.5,NSE_LTP,5,0.0136986301369863,24090.85,1.1062291284865415,0.0
2026-08-27,NIFTY,2026-09-01,PE,26650.0,,,,,,,780,2193.2,2548.15,780,2370.675,BID_ASK_MID,5,0.0136986301369863,24090.85,1.1062291284865415,2559.1500000000015
2026-08-27,NIFTY,2026-09-01,CE,26700.0,874.0,8.0,3622.0,30.0,0.5,-0.1,7670,0.5,0.55,5070,0.5,NSE_LTP,5,0.0136986301369863,24090.85,1.108304605275447,0.0
2026-08-27,NIFTY,2026-09-01,PE,26700.0,,,,,,,780,2239.9,2577.2,780,2408.55,BID_ASK_MID,5,0.0136986301369863,24090.85,1.108304605275447,2609.1500000000015
2026-08-27,NIFTY,2026-09-01,CE,26750.0,223.0,107.0,857.0,30.77,0.55,-0.15,8710,0.5,0.55,1300,0.55,NSE_LTP,5,0.0136986301369863,24090.85,1.1103800820643523,0.0
2026-08-27,NIFTY,2026-09-01,PE,26750.0,,,,,,,780,2286.85,2634.5,780,2460.675,BID_ASK_MID,5,0.0136986301369863,24090.85,1.1103800820643523,2659.1500000000015
2026-08-27,NIFTY,2026-09-01,CE,26800.0,1535.0,1161.0,4838.0,31.27,0.55,-0.1,10725,0.5,0.55,17485,0.55,NSE_LTP,5,0.0136986301369863,24090.85,1.1124555588532576,0.0
2026-08-27,NIFTY,2026-09-01,PE,26800.0,,,,,,,2470,2328.45,2697.85,780,2513.1499999999996,BID_ASK_MID,5,0.0136986301369863,24090.85,1.1124555588532576,2709.1500000000015
2026-08-27,NIFTY,2026-09-01,CE,26850.0,442.0,162.0,1306.0,31.2,0.45,-0.1,20995,0.45,0.5,1300,0.45,NSE_LTP,5,0.0136986301369863,24090.85,1.114531035642163,0.0
2026-08-27,NIFTY,2026-09-01,PE,26850.0,,,,,,,780,2380.35,2856.9,780,2618.625,BID_ASK_MID,5,0.0136986301369863,24090.85,1.114531035642163,2759.1500000000015
2026-08-27,NIFTY,2026-09-01,CE,26900.0,1456.0,1029.0,4261.0,31.69,0.45,-0.15,17485,0.45,0.5,6500,0.45,NSE_LTP,5,0.0136986301369863,24090.85,1.1166065124310682,0.0
2026-08-27,NIFTY,2026-09-01,PE,26900.0,,,,,,,2470,2427.2,2781.1,780,2604.1499999999996,BID_ASK_MID,5,0.0136986301369863,24090.85,1.1166065124310682,2809.1500000000015
2026-08-27,NIFTY,2026-09-01,CE,26950.0,1535.0,605.0,4249.0,32.18,0.45,-0.15,3835,0.45,0.5,1430,0.45,NSE_LTP,5,0.0136986301369863,24090.85,1.1186819892199735,0.0
2026-08-27,NIFTY,2026-09-01,PE,26950.0,,,,,,,780,2474.0,2900.05,780,2687.025,BID_ASK_MID,5,0.0136986301369863,24090.85,1.1186819892199735,2859.1500000000015
2026-08-27,NIFTY,2026-09-01,CE,27000.0,4816.0,95.0,19156.0,32.33,0.4,-0.15,167700,0.4,0.45,35490,0.4,NSE_LTP,5,0.0136986301369863,24090.85,1.120757466008879,0.0
2026-08-27,NIFTY,2026-09-01,PE,27000.0,1.0,,,,2610.5,,780,2520.85,3027.25,780,2610.5,NSE_LTP,5,0.0136986301369863,24090.85,1.120757466008879,2909.1500000000015
2026-08-27,NIFTY,2026-09-01,CE,27050.0,702.0,385.0,1519.0,32.81,0.4,-0.15,5655,0.4,0.45,3705,0.4,NSE_LTP,5,0.0136986301369863,24090.85,1.1228329427977843,0.0
2026-08-27,NIFTY,2026-09-01,PE,27050.0,,,,,,,780,2755.5,2930.5,780,2843.0,BID_ASK_MID,5,0.0136986301369863,24090.85,1.1228329427977843,2959.1500000000015
2026-08-27,NIFTY,2026-09-01,CE,27100.0,2332.0,1610.0,5429.0,33.29,0.4,-0.15,31005,0.4,0.45,51610,0.4,NSE_LTP,5,0.0136986301369863,24090.85,1.1249084195866896,0.0
2026-08-27,NIFTY,2026-09-01,PE,27100.0,,,,,,,780,2614.4,2998.0,780,2806.2,BID_ASK_MID,5,0.0136986301369863,24090.85,1.1249084195866896,3009.1500000000015
2026-08-27,NIFTY,2026-09-01,CE,27150.0,827.0,326.0,2362.0,34.12,0.45,-0.1,1300,0.45,0.5,4875,0.45,NSE_LTP,5,0.0136986301369863,24090.85,1.126983896375595,0.0
2026-08-27,NIFTY,2026-09-01,PE,27150.0,,,,,,,2470,2657.95,3042.55,780,2850.25,BID_ASK_MID,5,0.0136986301369863,24090.85,1.126983896375595,3059.1500000000015
2026-08-27,NIFTY,2026-09-01,CE,27200.0,4417.0,-964.0,22247.0,34.25,0.4,-0.15,200005,0.4,0.45,10530,0.4,NSE_LTP,5,0.0136986301369863,24090.85,1.1290593731645002,0.0
2026-08-27,NIFTY,2026-09-01,PE,27200.0,35.0,3.0,3.0,,3000.0,198.5,780,2695.65,3224.9,780,3000.0,NSE_LTP,5,0.0136986301369863,24090.85,1.1290593731645002,3109.1500000000015
